{
  "lang":"en",
  "name":"pipeline",
  "version":"0.0.0",
  "spacy_version":">=3.7.2,<3.8.0",
  "description":"",
  "author":"",
  "email":"",
  "url":"",
  "license":"",
  "spacy_git_version":"a89eae928",
  "vectors":{
    "width":0,
    "vectors":0,
    "keys":0,
    "name":null,
    "mode":"default"
  },
  "labels":{
    "tok2vec":[

    ],
    "ner":[
      "DISH",
      "EQUIPMENT",
      "INGREDIENT"
    ]
  },
  "pipeline":[
    "tok2vec",
    "ner"
  ],
  "components":[
    "tok2vec",
    "ner"
  ],
  "disabled":[

  ],
  "performance":{
    "ents_f":0.6385809313,
    "ents_p":0.64,
    "ents_r":0.6371681416,
    "ents_per_type":{
      "DISH":{
        "p":0.5365853659,
        "r":0.431372549,
        "f":0.4782608696
      },
      "INGREDIENT":{
        "p":0.6299212598,
        "r":0.6504065041,
        "f":0.64
      },
      "EQUIPMENT":{
        "p":0.7368421053,
        "r":0.8076923077,
        "f":0.7706422018
      }
    },
    "tok2vec_loss":1011.1401154919,
    "ner_loss":1522.7460759906
  }
}